Team,Pl,W,D,L,F,A,GD,pts
Manchester United,38,0,0,0,0,0,0,89
Chelsea,38,0,0,0,0,0,0,83
Liverpool,38,0,0,0,0,0,0,68
Arsenal,38,0,0,0,0,0,0,68
Tottenham Hotspur,38,0,0,0,0,0,0,60
Everton,38,0,0,0,0,0,0,58
Bolton Wanderers,38,0,0,0,0,0,0,56
Reading,38,0,0,0,0,0,0,55
Portsmouth,38,0,0,0,0,0,0,54
Blackburn Rovers,38,0,0,0,0,0,0,52
Aston Villa,38,0,0,0,0,0,0,50
Middlesbrough,38,0,0,0,0,0,0,46
Newcastle United,38,0,0,0,0,0,0,43
Manchester City,38,0,0,0,0,0,0,42
West Ham United,38,0,0,0,0,0,0,41
Fulham,38,0,0,0,0,0,0,39
Wigan Athletic,38,0,0,0,0,0,0,38
Sheffield United,38,0,0,0,0,0,0,38
Charlton Athletic,38,0,0,0,0,0,0,34
Watford,38,0,0,0,0,0,0,28
