Team,Pl,W,D,L,F,A,GD,pts
Manchester City,38,28,5,5,93,29,64,89
Manchester United,38,28,5,5,89,33,56,89
Arsenal,38,21,7,10,74,49,25,70
Tottenham Hotspur,38,20,9,9,66,41,25,69
Newcastle United,38,19,8,11,56,51,5,65
Chelsea,38,18,10,10,65,46,19,64
Everton,38,15,11,12,50,40,10,56
Liverpool,38,14,10,14,47,40,7,52
Fulham,38,14,10,14,48,51,-3,52
West Bromwich Albion,38,13,8,17,45,52,-7,47
Swansea City,38,12,11,15,44,51,-7,47
Norwich City,38,12,11,15,52,66,-14,47
Sunderland,38,11,12,15,45,46,-1,45
Stoke City,38,11,12,15,36,53,-17,45
Wigan Athletic,38,11,10,17,42,62,-20,43
Aston Villa,38,7,17,14,37,53,-16,38
Queens Park Rangers,38,10,7,21,43,66,-23,37
Bolton Wanderers,38,10,6,22,46,77,-31,36
Blackburn Rovers,38,8,7,23,48,78,-30,31
Wolverhampton Wanderers,38,5,10,23,40,82,-42,25
