Team,Pl,W,D,L,F,A,GD,pts
Chelsea,38,30,3,5,85,33,52,93
Tottenham Hotspur,38,26,8,4,86,26,60,86
Manchester City,38,23,9,6,80,39,41,78
Liverpool,38,22,10,6,78,42,36,76
Arsenal,38,23,6,9,77,44,33,75
Manchester United,38,18,15,5,54,29,25,69
Everton,38,17,10,11,62,44,18,61
Southampton,38,12,10,16,41,48,-7,46
Bournemouth,38,12,10,16,55,67,-12,46
West Bromwich Albion,38,12,9,17,43,51,-8,45
West Ham United,38,12,9,17,47,64,-17,45
Leicester City,38,12,8,18,48,63,-15,44
Stoke City,38,11,11,16,41,56,-15,44
Crystal Palace,38,12,5,21,50,63,-13,41
Swansea City,38,12,5,21,45,70,-25,41
Burnley,38,11,7,20,39,55,-16,40
Watford,38,11,7,20,40,68,-28,40
Hull City,38,9,7,22,37,80,-43,34
Middlesbrough,38,5,13,20,27,53,-26,28
Sunderland,38,6,6,26,29,69,-40,24
